"","taxon.name"
"1","e54aa2945c848e177352581ae9f8b2c1"
"2","8cae507672b6017324ec6c16a3f849af"
"3","d3abacbc970c5b4d671f74a520cde7b5"
"4","0158969022fce46e458d217626813c93"
"5","e854fa3cd29ac7e7cad1eb27fb0ad02d"
"6","5342a09ba2b87ce86992bf2ca1f96ff0"
"7","cb6a7cd83458ce7c4fec85821d1a5a80"
"8","09597918733ecd617e9c7b0c39702454"
"9","38830e35c943f4e4724ccf6b29642208"
"10","5990e942ca0f84e34463f80d9b3c4138"
"11","cc05895ca09ec24bdf44e91868c50e18"
"12","abaad1e8d5e8fa01a4f17db3bcf31d91"
"13","4dcc388418f8510dbdea6b1eb990eff4"
"14","06ac72abf1741c259b110e41269edcb9"
"15","51feeb3b91c507f525510ce30762b608"
"16","2d0f21ee6bf3208f9802e619a4bd99ce"
"17","4d896f37765cb2155adb8b9fb0e0960b"
"18","b9da5f7e83201f401470bd9c908ca742"
"19","f2fdd44b88f42e114478f32c528b604d"
"20","04549e077fc428a74142b7c3c650a3e7"
"21","cb1b6ef19903c4e7d534eec277453b02"
"22","89c738f7d42ccc9ae9ab8289601ddce9"
"23","4346e8a8389c051bc1ae22396590f5c2"
"24","5534f1eda8585712a4afe988cf76612c"
"25","dd5fdad80d4225bda438a3be2f3941b3"
"26","216b704d14fb460009d0d1c90f9ea9e4"
"27","2c79faba55133352e5cdece39a99d406"
"28","eaeda023705f2f92abf49a0eb8886134"
"29","1a5b731537765938c50444a74489535d"
"30","61fe92d2acbe164a5e875b1dedb2ee6e"
"31","a0ed7929320d97885b6c2427bf4cfc31"
"32","d8ebe81e3cf2202c21d6c0547e86f252"
"33","752f0937d67fe959eb235b63980c1078"
"34","76b8e194dbb65501efaab46147f369f5"
"35","6417823ecde517cbd2584bafdd832e75"
"36","0c588dd41134dcae8390889d8c16caba"
"37","56acf0dc96430874c446cbe771339830"
"38","296e42b7404b6c6b92ddfe29bc55c71c"
"39","85339d18e96cde7f68930656ad984428"
"40","d44d90dbb99767ea6447018f2f879d83"
"41","7866588c5226f2da9c868ecb554a17b3"
"42","45392e86e8edc96625653a8933a21197"
"43","3ae540e4a4d3943803090009b701b030"
"44","8adf191cf5cf5e8f77527f691fff6f30"
